{
    "getPrefix": {
        "soapenv": "http://schemas.xmlsoap.org/soap/envelope/",
        "bcs": "http://www.huawei.com/bme/cbsinterface/bcservices",
        "cbs": "http://www.huawei.com/bme/cbsinterface/cbscommon",
        "bcc": "http://www.huawei.com/bme/cbsinterface/bccommon",
        "ars": "http://www.huawei.com/bme/cbsinterface/arservices",
        "arc": "http://cbs.huawei.com/ar/wsservice/arcommon"
      
    },
    "LoginSystemCode": {
        "Type": "VALUE",
        "xpath": "//AdjustmentRequestMsg/RequestHeader/AccessSecurity/LoginSystemCode/text()"
    },
    "Password": {
        "Type": "VALUE",
        "xpath": "//AdjustmentRequestMsg/RequestHeader/AccessSecurity/Password/text()"
    }
}