{
    "getPrefix": {
            "soapenv": "http://schemas.xmlsoap.org/soap/envelope/",
            "bcs": "http://www.huawei.com/bme/cbsinterface/bcservices",
            "cbs": "http://www.huawei.com/bme/cbsinterface/cbscommon",
            "bcc": "http://www.huawei.com/bme/cbsinterface/bccommon",
            "ars": "http://www.huawei.com/bme/cbsinterface/arservices",
            "arc": "http://cbs.huawei.com/ar/wsservice/arcommon"
          
    },
    "PrimaryIdentity" : {
        "Type":"VALUE",
        "xpath": "//AdjustmentRequestMsg/AdjustmentRequest/AdjustmentObj/SubAccessCode/PrimaryIdentity/text()",
        "jsonpath": "$.IBSubscriber.ib_mdn"
    },
    "Version" : {
        "Type":"VALUE",
        "xpath": "//AdjustmentRequestMsg/RequestHeader/Version/text()",
        "jsonpath": "$.IBSubscriber.ib_mdn"
    },
    "IBNetworkBalance" : {
        "Type":"LIST",
        "xpath": "//AdjustmentRequestMsg/AdjustmentRequest/AdjustmentInfo",
        "rootXpath": "//AdjustmentRequestMsg/AdjustmentRequest",
        "elementsTagName": "ars:AdjustmentInfo",
        "formateOflist":"<ars:AdjustmentInfo><arc:BalanceType>5140</arc:BalanceType><arc:AdjustmentType>1</arc:AdjustmentType><arc:AdjustmentAmt>10</arc:AdjustmentAmt><arc:ExpireTime>20230627151142</arc:ExpireTime></ars:AdjustmentInfo>",
        "jsonpath": "$.IBNetworkBalance",
        "listDetails":
        {
            "arc:BalanceType": {
                "xpath": "//AdjustmentInfo/BalanceType",
                "jsonpath": "$.ib_id"
            },
            "arc:AdjustmentType": {
                "xpath": "//AdjustmentInfo/AdjustmentType",
                "jsonpath": "$.ib_valueAdjustmentType"
            },
            "arc:AdjustmentAmt": {
                "xpath": "//AdjustmentInfo/AdjustmentAmt",
                "jsonpath": "$.ib_valueAdjustmentAmt"
            },
            "arc:ExpireTime": {
                "xpath": "//AdjustmentInfo/ExpireTime",
                "jsonpath": "$.ib_validityDate"
            }
        }
       
    }
}




