<soapenv:Envelope xmlns:soapenv="http://schemas.xmlsoap.org/soap/envelope/" xmlns:ars="http://www.huawei.com/bme/cbsinterface/arservices" xmlns:cbs="http://www.huawei.com/bme/cbsinterface/cbscommon" xmlns:arc="http://cbs.huawei.com/ar/wsservice/arcommon">
   <soapenv:Header/>
   <soapenv:Body>
      <ars:AdjustmentRequestMsg>
         <RequestHeader>
            <cbs:Version>6516141111</cbs:Version>
            <!--Optional:-->
            <cbs:BusinessCode>1</cbs:BusinessCode>
            <cbs:MessageSeq>1</cbs:MessageSeq>
            <!--Optional:-->
            <cbs:OwnershipInfo>
               <cbs:BEID>101</cbs:BEID>
            </cbs:OwnershipInfo>
            <cbs:AccessSecurity>
               <cbs:LoginSystemCode>?</cbs:LoginSystemCode>
               <cbs:Password>?</cbs:Password>
            </cbs:AccessSecurity>
            <!--Optional:-->
            <cbs:OperatorInfo>
               <cbs:OperatorID>310</cbs:OperatorID>
            </cbs:OperatorInfo>
         </RequestHeader>
         <AdjustmentRequest>
            <ars:AdjustmentObj>
               <!--You have a CHOICE of the next 2 items at this level-->
               <ars:SubAccessCode>
                  <!--You have a CHOICE of the next 2 items at this level-->
                  <arc:PrimaryIdentity>212648117115</arc:PrimaryIdentity>
               </ars:SubAccessCode>
            </ars:AdjustmentObj>
            <ars:OpType>5</ars:OpType>
                <!--Zero or more repetitions:-->
                <ars:AdjustmentInfo>
                  <!--Optional:-->
                  <arc:BalanceType>?</arc:BalanceType>
                  <!--Optional:-->
                  <arc:AdjustmentType>?</arc:AdjustmentType>
                  <!--Optional:-->
                  <arc:AdjustmentAmt>?</arc:AdjustmentAmt>
                  <!--Optional:-->
                  <arc:ExpireTime>?</arc:ExpireTime>
               </ars:AdjustmentInfo>
               <!--Zero or more repetitions:-->
            <ars:AdditionalProperty>
               <arc:Code xmlns:arc="http://cbs.huawei.com/ar/wsservice/arcommon">WhenInsufficient</arc:Code>
               <arc:Value xmlns:arc="http://cbs.huawei.com/ar/wsservice/arcommon">3</arc:Value>
            </ars:AdditionalProperty>
         </AdjustmentRequest>
      </ars:AdjustmentRequestMsg>
   </soapenv:Body>
</soapenv:Envelope>