{
    "getPrefix": {
            "soapenv": "http://schemas.xmlsoap.org/soap/envelope/",
            "bcs": "http://www.huawei.com/bme/cbsinterface/bcservices",
            "cbs": "http://www.huawei.com/bme/cbsinterface/cbscommon",
            "bcc": "http://www.huawei.com/bme/cbsinterface/bccommon",
            "ars": "http://www.huawei.com/bme/cbsinterface/arservices",
            "arc": "http://cbs.huawei.com/ar/wsservice/arcommon"
          
    },
    "PrimaryIdentity" : {
        "Type":"VALUE",
        "xpath": "//AdjustmentRequestMsg/AdjustmentRequest/AdjustmentObj/SubAccessCode/PrimaryIdentity/text()",
        "jsonpath": "$.IBSubscriber.ib_mdn"
    },
    "Version" : {
        "Type":"VALUE",
        "xpath": "//AdjustmentRequestMsg/RequestHeader/Version/text()",
        "jsonpath": "$.IBSubscriber.ib_mdn"
    },
    "ib_id" : {
        "Type":"VALUE",
        "xpath": "//AdjustmentRequestMsg/AdjustmentRequest/AdjustmentInfo/BalanceType/text()",
        "jsonpath": "$.IBSubscriber.IBNetworkBalance.ib_id"
    },
    "ib_valueAdjustmentType" : {
        "Type":"VALUE",
        "xpath": "//AdjustmentRequestMsg/AdjustmentRequest/AdjustmentInfo/AdjustmentType/text()",
        "jsonpath": "$.IBSubscriber.IBNetworkBalance.ib_valueAdjustmentType"
    },
    "ib_valueAdjustmentAmt" : {
        "Type":"VALUE",
        "xpath": "//AdjustmentRequestMsg/AdjustmentRequest/AdjustmentInfo/AdjustmentAmt/text()",
        "jsonpath": "$.IBSubscriber.IBNetworkBalance.ib_valueAdjustmentAmt"
    },
    "ib_validityDate" : {
        "Type":"VALUE",
        "xpath": "//AdjustmentRequestMsg/AdjustmentRequest/AdjustmentInfo/ExpireTime/text()",
        "jsonpath": "$.IBSubscriber.IBNetworkBalance.ib_validityDate"
    }
}




