{
    "getPrefix": {
        "soapenv": "http://schemas.xmlsoap.org/soap/envelope/",
        "bcs": "http://www.huawei.com/bme/cbsinterface/bcservices",
        "cbs": "http://www.huawei.com/bme/cbsinterface/cbscommon",
        "bcc": "http://www.huawei.com/bme/cbsinterface/bccommon",
        "ars": "http://www.huawei.com/bme/cbsinterface/arservices",
        "arc": "http://cbs.huawei.com/ar/wsservice/arcommon"
          
    },
    "code" : {
        "Type":"VALUE",
        "xpath": "//AdjustmentResultMsg/ResultHeader/ResultCode/text()",
        "jsonpath": "$.code"
    },
    "Message" : {
        "Type":"VALUE",
        "xpath": "//AdjustmentResultMsg/ResultHeader/ResultDesc/text()",
        "jsonpath": "$.Message"
    }
}