<?xml version="1.0" encoding="UTF-8"?>
<soapenv:Envelope xmlns:soapenv="http://schemas.xmlsoap.org/soap/envelope/" xmlns:api="http://cps.huawei.com/synccpsinterface/api_requestmgr" xmlns:com="http://cps.huawei.com/synccpsinterface/common" xmlns:req="http://cps.huawei.com/synccpsinterface/request">
   <soapenv:Header/>
   <soapenv:Body>
      <api:Request>
         <req:Header>
            <req:Version>1.0</req:Version>
            <req:CommandID>InitTrans_Airtime Transfer</req:CommandID>
            <req:Caller>
               <req:CallerType>2</req:CallerType>
               <req:ThirdPartyID>KAFKA</req:ThirdPartyID>
               <req:Password>7ZG7Otoz2b3BV/gIrhkYlA==</req:Password>
            </req:Caller>
            <req:KeyOwner>1</req:KeyOwner>
            <req:Timestamp>20230930010101</req:Timestamp>
            <!--Time of Operation-->
         </req:Header>
         <req:Body>
            <req:Identity>
               <req:Initiator>
                  <req:IdentifierType>12</req:IdentifierType>
                  <req:Identifier>212999999999</req:Identifier>
                  <!--fixed value ="212999999999"-->
                  <req:SecurityCredential>/oPdiCOWmJc=</req:SecurityCredential>
                  <req:ShortCode>212999999999</req:ShortCode>
                  <!--fixed value ="212999999999"-->
               </req:Initiator>
               <req:ReceiverParty>
                  <req:IdentifierType>4</req:IdentifierType>
                  <!--fixed value ="4"-->
                  <req:Identifier>?</req:Identifier>
                  <!--Dealer MSISDN from  third party, format is 212600000001-->
               </req:ReceiverParty>
            </req:Identity>
            <req:TransactionRequest>
               <req:Parameters>
                  <req:Amount>?</req:Amount>
                  <!--adjustment amount from the third party, the unit is MAD-->
               </req:Parameters>
            </req:TransactionRequest>
            <req:ReferenceData>
               <req:ReferenceItem>
                  <com:Key>SendNotification</com:Key>
                  <com:Value>1</com:Value>
               </req:ReferenceItem>
            </req:ReferenceData>
            <req:Remark>KAFKA adjustment(Increase)</req:Remark>
            <!--fixed value for KAFKA system="KAFKA adjustment(Increase)"-->
         </req:Body>
      </api:Request>
   </soapenv:Body>
</soapenv:Envelope>