{
    "getPrefix": {
            "soapenv": "http://schemas.xmlsoap.org/soap/envelope/",
            "bcs": "http://www.huawei.com/bme/cbsinterface/bcservices",
            "cbs": "http://www.huawei.com/bme/cbsinterface/cbscommon",
            "bcc": "http://www.huawei.com/bme/cbsinterface/bccommon",
            "api": "http://cps.huawei.com/synccpsinterface/api_requestmgr",
			"com": "http://cps.huawei.com/synccpsinterface/common",
			"req": "http://cps.huawei.com/synccpsinterface/request"
    },
    "Identifier" : {
        "Type":"VALUE",
        "xpath": "//Request/Body/Identity/ReceiverParty/Identifier/text()",
        "jsonpath": "$.IBSubscriber.mdn"
    },
    "Amount" : {
        "Type":"VALUE",
        "xpath": "//Request/Body/TransactionRequest/Parameters/Amount/text()",
        "jsonpath": "$.IBSubscriber.IBNetworkBalance.ib_value"
    }
}




