<?xml version="1.0" encoding="UTF-8"?>
<soapenv:Envelope xmlns:soapenv="http://schemas.xmlsoap.org/soap/envelope/" xmlns:bcs="http://www.huawei.com/bme/cbsinterface/bcservices" xmlns:cbs="http://www.huawei.com/bme/cbsinterface/cbscommon" xmlns:bcc="http://www.huawei.com/bme/cbsinterface/bccommon">
   <soapenv:Header/>
   <soapenv:Body>
      <bcs:ChangeSubValidityRequestMsg>
         <RequestHeader>
            <cbs:Version>1</cbs:Version>
            <!--Optional:-->
            <cbs:BusinessCode>1</cbs:BusinessCode>
            <cbs:MessageSeq>1</cbs:MessageSeq>
            <!--Optional:-->
            <cbs:OwnershipInfo>
               <cbs:BEID>101</cbs:BEID>
            </cbs:OwnershipInfo>
            <cbs:AccessSecurity>
               <cbs:LoginSystemCode>?</cbs:LoginSystemCode>
               <cbs:Password>?</cbs:Password>
            </cbs:AccessSecurity>
            <!--Optional:-->
            <cbs:OperatorInfo>
               <cbs:OperatorID>101</cbs:OperatorID>
            </cbs:OperatorInfo>
         </RequestHeader>
         <ChangeSubValidityRequest>
            <bcs:SubAccessCode>
               <!--You have a CHOICE of the next 2 items at this level-->
               <bcc:PrimaryIdentity>?</bcc:PrimaryIdentity>
            </bcs:SubAccessCode>
            <bcs:OpType>?</bcs:OpType>
            <bcs:ValidityIncrement>?</bcs:ValidityIncrement>
         </ChangeSubValidityRequest>
      </bcs:ChangeSubValidityRequestMsg>
   </soapenv:Body>
</soapenv:Envelope>