{
    "getPrefix": {
            "soapenv": "http://schemas.xmlsoap.org/soap/envelope/",
            "bcs": "http://www.huawei.com/bme/cbsinterface/bcservices",
            "cbs": "http://www.huawei.com/bme/cbsinterface/cbscommon",
            "bcc": "http://www.huawei.com/bme/cbsinterface/bccommon"
          
    },
    "OpType" : {
        "Type":"VALUE",
        "xpath": "//ChangeSubValidityRequestMsg/ChangeSubValidityRequest/OpType/text()",
        "jsonpath": "$.IBSubscriber.incrementType"
    },
    "PrimaryIdentity" : {
        "Type":"VALUE",
        "xpath": "//ChangeSubValidityRequestMsg/ChangeSubValidityRequest/SubAccessCode/PrimaryIdentity/text()",
        "jsonpath": "$.IBSubscriber.mdn"
    },
    "ValidityIncrement" : {
        "Type":"VALUE",
        "xpath": "//ChangeSubValidityRequestMsg/ChangeSubValidityRequest/ValidityIncrement/text()",
        "jsonpath": "$.IBSubscriber.validityIncrement"
    }
}




