{
    "getPrefix": {
            "soapenv":"http://schemas.xmlsoap.org/soap/envelope/",
            "cbs": "http://www.huawei.com/bme/cbsinterface/cbscommon",
            "bcs": "http://www.huawei.com/bme/cbsinterface/bcservices",
            "bcc": "http://www.huawei.com/bme/cbsinterface/bccommon"
          
    },
    "code" : {
        "Type":"VALUE",
        "xpath": "//ChangeSubValidityResultMsg/ResultHeader/ResultCode/text()",
        "jsonpath": "$.code"
    },
    "Message" : {
        "Type":"VALUE",
        "xpath": "//ChangeSubValidityResultMsg/ResultHeader/ResultDesc/text()",
        "jsonpath": "$.Message"
    }
}