{
    "getPrefix": {
        "soapenv": "http://schemas.xmlsoap.org/soap/envelope/",
        "bcs": "http://www.huawei.com/bme/cbsinterface/bcservices",
        "cbs": "http://www.huawei.com/bme/cbsinterface/cbscommon",
        "bcc": "http://www.huawei.com/bme/cbsinterface/bccommon"
    },
    "LoginSystemCode": {
        "Type": "VALUE",
        "xpath": "//ChangeSubOfferingRequestMsg/RequestHeader/AccessSecurity/LoginSystemCode/text()"
    },
    "Password": {
        "Type": "VALUE",
        "xpath": "//ChangeSubOfferingRequestMsg/RequestHeader/AccessSecurity/Password/text()"
    }
}