{
    "getPrefix": {
            "soapenv": "http://schemas.xmlsoap.org/soap/envelope/",
            "bcs": "http://www.huawei.com/bme/cbsinterface/bcservices",
            "cbs": "http://www.huawei.com/bme/cbsinterface/cbscommon",
            "bcc": "http://www.huawei.com/bme/cbsinterface/bccommon"
          
    },
    "OfferingID" : {
        "Type":"VALUE",
        "xpath": "//ChangeSubOfferingRequestMsg/ChangeSubOfferingRequest/SupplementaryOffering/AddOffering/OfferingKey/OfferingID/text()",
        "jsonpath": "$.IBSubscriber.IBNetworkProduct.ib_id"
    },
    "PrimaryIdentity" : {
        "Type":"VALUE",
        "xpath": "//ChangeSubOfferingRequestMsg/ChangeSubOfferingRequest/SubAccessCode/PrimaryIdentity/text()",
        "jsonpath": "$.IBSubscriber.ib_mdn"
    },
    "Time" : {
        "Type":"VALUE",
        "xpath": "//ChangeSubOfferingRequestMsg/ChangeSubOfferingRequest/SupplementaryOffering/AddOffering/EffectiveTime/Time/text()",
        "jsonpath": "$.Time"
    }
}




