<?xml version="1.0" encoding="utf-8"?>
<soapenv:Envelope xmlns:soapenv="http://schemas.xmlsoap.org/soap/envelope/"
   xmlns:bcs="http://www.huawei.com/bme/cbsinterface/bcservices"
   xmlns:cbs="http://www.huawei.com/bme/cbsinterface/cbscommon"
   xmlns:bcc="http://www.huawei.com/bme/cbsinterface/bccommon">
   <soapenv:Header />
   <soapenv:Body>
      <bcs:ChangeSubOfferingRequestMsg>
         <RequestHeader>
            <cbs:Version>1</cbs:Version>
            <!--Optional:-->
            <cbs:BusinessCode>1</cbs:BusinessCode>
            <cbs:MessageSeq>1</cbs:MessageSeq>
            <!--Optional:-->
            <cbs:OwnershipInfo>
               <cbs:BEID>101</cbs:BEID>
            </cbs:OwnershipInfo>
            <cbs:AccessSecurity>
               <cbs:LoginSystemCode>?</cbs:LoginSystemCode>
               <cbs:Password>?</cbs:Password>
            </cbs:AccessSecurity>            <!--Optional:-->
            <cbs:OperatorInfo>
               <cbs:OperatorID>101</cbs:OperatorID>
            </cbs:OperatorInfo>
         </RequestHeader>
         <ChangeSubOfferingRequest>
            <bcs:SubAccessCode>
               <bcc:PrimaryIdentity>
   MDN</bcc:PrimaryIdentity>
            </bcs:SubAccessCode>
            <bcs:SupplementaryOffering>
               <bcs:AddOffering>
                  <bcc:OfferingKey>
                     <bcc:OfferingID>
   IB_ID</bcc:OfferingID>
                  </bcc:OfferingKey>
                  <bcs:EffectiveTime>
                     <bcc:Mode>I</bcc:Mode>                     <!--Optional:-->
                     <bcc:Time>
   'yyyyMMddHHmmss',fn:current-dateTime()</bcc:Time>
                  </bcs:EffectiveTime>
                  <bcs:ExpirationTime>21000101000000</bcs:ExpirationTime>
               </bcs:AddOffering>
            </bcs:SupplementaryOffering>
         </ChangeSubOfferingRequest>
      </bcs:ChangeSubOfferingRequestMsg>
   </soapenv:Body>
</soapenv:Envelope>