{
    "getPrefix": {
            "soapenv": "http://schemas.xmlsoap.org/soap/envelope/",
            "poin": "http://sicap.com/wana/lm/plugins/ws/points",
            "S": "http://schemas.xmlsoap.org/soap/envelope/"
          
    },
    "origin" : {
        "Type":"VALUE",
        "xpath": "//offerOrderCreate/origin/text()",
        "jsonpath": "$.IBOperation.origin"
    },
    "user" : {
        "Type":"VALUE",
        "xpath": "//offerOrderCreate/user/text()",
        "jsonpath": "$.IBOperation.user"
    },
    "requestDate" : {
        "Type":"VALUE",
        "xpath": "//offerOrderCreate/requestDate/text()",
        "jsonpath": "$.IBOperation.startDateTime"
    },
    "billingAccount" : {
        "Type":"VALUE",
        "xpath": "//offerOrderCreate/billingAccount/text()",
        "jsonpath": "$.IBSubscriber.LoyaltyPoints.ib_billingAccountID"
    },
    "msisdn" : {
        "Type":"VALUE",
        "xpath": "//offerOrderCreate/msisdn/text()",
        "jsonpath": "$.IBSubscriber.ib_mdn"
    },
    "externalOrderRef" : {
        "Type":"VALUE",
        "xpath": "//offerOrderCreate/externalOrderRef/text()",
        "jsonpath": "$.IBSubscriber.LoyaltyPoints.ib_referenceID"
    },
    "externalOfferPoint" : {
        "Type":"VALUE",
        "xpath": "//offerOrderCreate/externalOfferPoint/text()",
        "jsonpath": "$.IBSubscriber.LoyaltyPoints.ib_loyaltyPoints"
    }
}




