<?xml version="1.0" encoding="UTF-8"?>
<soapenv:Envelope xmlns:soapenv="http://schemas.xmlsoap.org/soap/envelope/" xmlns:poin="http://sicap.com/wana/lm/plugins/ws/points">
    <soapenv:Header/>
    <soapenv:Body>
        <poin:offerOrderCreate>
            <offerOrderType>redeemCVMOffer</offerOrderType>
            <origin>evol</origin>
            <user>sicap</user>
            <requestDate>2023-10-25T10:28:31.481Z</requestDate>
            <billingAccount>12257298</billingAccount>
            <msisdn>212648111415</msisdn>
            <externalOrderRef>MovieVoucher2023</externalOrderRef>
            <pickUpDate>2023-10-25T10:28:31.481Z</pickUpDate>
            <externalOfferPoint>10</externalOfferPoint>
        </poin:offerOrderCreate>
    </soapenv:Body>
</soapenv:Envelope>