{
    "getPrefix": {
        "soapenv": "http://schemas.xmlsoap.org/soap/envelope/",
        "bcs": "http://www.huawei.com/bme/cbsinterface/bcservices",
        "cbs": "http://www.huawei.com/bme/cbsinterface/cbscommon",
        "bcc": "http://www.huawei.com/bme/cbsinterface/bccommon",
        "ars": "http://www.huawei.com/bme/cbsinterface/arservices",
        "arc": "http://cbs.huawei.com/ar/wsservice/arcommon",
        "poin": "http://sicap.com/wana/lm/plugins/ws/points",
        "ns0": "http://sicap.com/wana/lm/plugins/ws/points",
        "S": "http://schemas.xmlsoap.org/soap/envelope/",
        "xsd": "http://www.w3.org/2001/XMLSchema",
        "xsi": "http://www.w3.org/2001/XMLSchema-instance",
        "xs": "http://sicap.com/wana/lm/plugins/ws/points"
    },
    "code" : {
        "Type":"VALUE",
        "xpath": "//offerOrderCreateResponse/transaction/status/text()",
        "jsonpath": "$.code"
    },   
    "errorCode" : {
        "Type":"VALUE",
        "xpath": "//offerOrderCreateResponse/transaction/reasonCode/text()",
        "jsonpath": "$.errorCode"
    },
    "Message" : {
        "Type":"VALUE",
        "xpath": "//offerOrderCreateResponse/transaction/reasonText/text()",
        "jsonpath": "$.Message"
    }
}