{
    "getPrefix": {
            "soapenv": "http://schemas.xmlsoap.org/soap/envelope/",
            "bcs": "http://www.huawei.com/bme/cbsinterface/bcservices",
            "cbs": "http://www.huawei.com/bme/cbsinterface/cbscommon",
            "bcc": "http://www.huawei.com/bme/cbsinterface/bccommon"
          
    },
    "CustLevel" : {
        "Type":"VALUE",
        "xpath": "//ChangeSubInfoRequestMsg/ChangeSubInfoRequest/UserCustomer/CustInfo/CustBasicInfo/CustLevel/text()",
        "jsonpath": "$.IBSubscriber.ib_level"
    },
    "CustKey" : {
        "Type":"VALUE",
        "xpath": "//ChangeSubInfoRequestMsg/ChangeSubInfoRequest/UserCustomer/CustKey/text()",
        "jsonpath": "$.IBSubscriber.ib_mdn"
    },
    "PrimaryIdentity" : {
        "Type":"VALUE",
        "xpath": "//ChangeSubInfoRequestMsg/ChangeSubInfoRequest/SubAccessCode/PrimaryIdentity/text()",
        "jsonpath": "$.IBSubscriber.ib_mdn"
    }
}




