<?xml version="1.0" encoding="utf-8"?>
<soapenv:Envelope xmlns:soapenv="http://schemas.xmlsoap.org/soap/envelope/" xmlns:bcs="http://www.huawei.com/bme/cbsinterface/bcservices" xmlns:cbs="http://www.huawei.com/bme/cbsinterface/cbscommon" xmlns:bcc="http://www.huawei.com/bme/cbsinterface/bccommon">
   <soapenv:Header/>
   <soapenv:Body>
      <bcs:ChangeSubInfoRequestMsg>
         <RequestHeader>
            <cbs:Version>1</cbs:Version>
            <!--Optional:-->
            <cbs:BusinessCode>1</cbs:BusinessCode>
            <cbs:MessageSeq>1</cbs:MessageSeq>
            <!--Optional:-->
            <cbs:OwnershipInfo>
               <cbs:BEID>101</cbs:BEID>
            </cbs:OwnershipInfo>
            <cbs:AccessSecurity>
               <cbs:LoginSystemCode>?</cbs:LoginSystemCode>
               <cbs:Password>?</cbs:Password>
               <!--Optional:-->
            </cbs:AccessSecurity>
            <!--Optional:-->
            <cbs:OperatorInfo>
               <cbs:OperatorID>101</cbs:OperatorID>
            </cbs:OperatorInfo>
         </RequestHeader>
         <ChangeSubInfoRequest>
            <bcs:SubAccessCode>
               <bcc:PrimaryIdentity>?</bcc:PrimaryIdentity>
            </bcs:SubAccessCode>
            <!--Optional:-->
            <bcs:UserCustomer>
               <bcs:CustKey>?</bcs:CustKey>
               <!--Optional:-->
               <bcs:CustInfo>
                  <!--Optional:-->
                  <bcc:CustBasicInfo>
                     <bcc:CustLevel>?</bcc:CustLevel>
                  </bcc:CustBasicInfo>
               </bcs:CustInfo>
            </bcs:UserCustomer>
         </ChangeSubInfoRequest>
      </bcs:ChangeSubInfoRequestMsg>
   </soapenv:Body>
</soapenv:Envelope>
