<soapenv:Envelope xmlns:soapenv="http://schemas.xmlsoap.org/soap/envelope/" xmlns:poin="http://sicap.com/wana/lm/plugins/ws/points">
    <soapenv:Header/>
    <soapenv:Body>
        <poin:creditFidelityPoints>
            <billingAccount>978123873</billingAccount>
            <msisdn>212633095547</msisdn>
            <points>10000</points>
            <origin>ssm</origin>
            <user>ssm</user>
            <uid>ea7439c9-e47e-4a46-89b3-633505cb677a</uid>
            <request_store>988</request_store>
            <reference_id>ABHSJ1202</reference_id>
        </poin:creditFidelityPoints>
    </soapenv:Body>
</soapenv:Envelope>