{
    "getPrefix": {
            "soapenv": "http://schemas.xmlsoap.org/soap/envelope/",
            "bcs": "http://www.huawei.com/bme/cbsinterface/bcservices",
            "cbs": "http://www.huawei.com/bme/cbsinterface/cbscommon",
            "bcc": "http://www.huawei.com/bme/cbsinterface/bccommon",
            "poin": "http://sicap.com/wana/lm/plugins/ws/points"
          
    },
    "billingAccount" : {
        "Type":"VALUE",
        "xpath": "//creditFidelityPoints/billingAccount/text()",
        "jsonpath": "$.IBSubscriber.billingAccountID"
    },
    "msisdn" : {
        "Type":"VALUE",
        "xpath": "//creditFidelityPoints/msisdn/text()",
        "jsonpath": "$.IBSubscriber.ib_mdn"
    },
    "points" : {
        "Type":"VALUE",
        "xpath": "//creditFidelityPoints/points/text()",
        "jsonpath": "$.IBSubscriber.earnedLoyaltyPoints"
    },
    "origin" : {
        "Type":"VALUE",
        "xpath": "//creditFidelityPoints/origin/text()",
        "jsonpath": "$.IBOperation.origin"
    },
    "user" : {
        "Type":"VALUE",
        "xpath": "//creditFidelityPoints/user/text()",
        "jsonpath": "$.IBOperation.user"
    },
    "uid" : {
        "Type":"VALUE",
        "xpath": "//creditFidelityPoints/uid/text()",
        "jsonpath": "$.IBOperation.uuid"
    },
    "request_store" : {
        "Type":"VALUE",
        "xpath": "//creditFidelityPoints/request_store/text()",
        "jsonpath": "$.IBSubscriber.requestStore"
    },
    "reference_id" : {
        "Type":"VALUE",
        "xpath": "//creditFidelityPoints/reference_id/text()",
        "jsonpath": "$.IBSubscriber.referenceID"
    }
}




