{
    "getPrefix": {
            "soapenv":"http://schemas.xmlsoap.org/soap/envelope/",
            "cbs": "http://www.huawei.com/bme/cbsinterface/cbscommon",
            "bcs": "http://www.huawei.com/bme/cbsinterface/bcservices",
            "bcc": "http://www.huawei.com/bme/cbsinterface/bccommon",
            "xsd": "http://www.w3.org/2001/XMLSchema",
            "xsi":  "http://www.w3.org/2001/XMLSchema-instance"
          
    },
    "code" : {
        "Type":"VALUE",
        "xpath": "//creditFidelityPointsResponse/result/responseCode/text()",
        "jsonpath": "$.code"
    },
    "Message" : {
        "Type":"VALUE",
        "xpath": "//creditFidelityPointsResponse/result/reasonString/text()",
        "jsonpath": "$.Message"
    }
}