{
    "getPrefix": {
        "soapenv": "http://schemas.xmlsoap.org/soap/envelope/",
        "ns3": "http://www.huawei.com/bme/cbsinterface/bcservices",
        "ns6": "http://www.huawei.com/bme/cbsinterface/cbscommon",
        "ns5": "http://www.huawei.com/bme/cbsinterface/bccommon"
    },
    "LoginSystemCode": {
        "Type": "VALUE",
        "xpath": "//ChangeSubInfoRequestMsg/RequestHeader/AccessSecurity/LoginSystemCode/text()"
    },
    "Password": {
        "Type": "VALUE",
        "xpath": "//ChangeSubInfoRequestMsg/RequestHeader/AccessSecurity/Password/text()"
    }
}