<?xml version="1.0" encoding="utf-8"?>
<soapenv:Envelope xmlns:soapenv="http://schemas.xmlsoap.org/soap/envelope/" xmlns:ns3="http://www.huawei.com/bme/cbsinterface/bcservices" xmlns:ns6="http://www.huawei.com/bme/cbsinterface/cbscommon" xmlns:ns5="http://www.huawei.com/bme/cbsinterface/bccommon">
   <soapenv:Header/>
   <soapenv:Body>
      <ns3:ChangeSubInfoRequestMsg>
         <RequestHeader>
            <ns6:Version>1</ns6:Version>
            <ns6:BusinessCode>1</ns6:BusinessCode>
            <ns6:MessageSeq>1</ns6:MessageSeq>
            <ns6:OwnershipInfo>
               <ns6:BEID>101</ns6:BEID>
            </ns6:OwnershipInfo>
            <ns6:AccessSecurity>
               <ns6:LoginSystemCode>?</ns6:LoginSystemCode>
               <ns6:Password>?</ns6:Password>
            </ns6:AccessSecurity>
            <ns6:OperatorInfo>
               <ns6:OperatorID>101</ns6:OperatorID>
            </ns6:OperatorInfo>
         </RequestHeader>
         <ChangeSubInfoRequest>
            <ns3:SubAccessCode>
               <ns5:PrimaryIdentity>?</ns5:PrimaryIdentity>
               <!--// ib_mdn 212626441150-->
            </ns3:SubAccessCode>
            <ns3:SubBasicInfo>
               <ns5:SubProperty>
                  <ns5:Code>C_SUBINFO_G</ns5:Code>
                  <!--// static-->
                  <ns5:Value>?</ns5:Value>
                  <!--// ib_levelRetireTime 2023-11-30T12:44:31-->
               </ns5:SubProperty>
               <ns5:SubProperty>
                  <ns5:Code>C_SUBINFO_H</ns5:Code>
                  <!--// static-->
                  <ns5:Value>?</ns5:Value>
                  <!--// ib_rechargeAmount 10-->
               </ns5:SubProperty>
            </ns3:SubBasicInfo>
         </ChangeSubInfoRequest>
      </ns3:ChangeSubInfoRequestMsg>
   </soapenv:Body>
</soapenv:Envelope>
