{
    "getPrefix": {
            "soapenv": "http://schemas.xmlsoap.org/soap/envelope/",
            "ns3": "http://www.huawei.com/bme/cbsinterface/bcservices",
            "ns6": "http://www.huawei.com/bme/cbsinterface/cbscommon",
            "ns5": "http://www.huawei.com/bme/cbsinterface/bccommon"
          
    },
    "CustLevel" : {
        "Type":"VALUE",
        "xpath": "//ChangeSubInfoRequestMsg/ChangeSubInfoRequest/SubBasicInfo/SubProperty[1]/Value/text()",
        "jsonpath": "$.IBSubscriber.ib_levelRetireTime"
    },
    "CustKey" : {
        "Type":"VALUE",
        "xpath": "//ChangeSubInfoRequestMsg/ChangeSubInfoRequest/SubBasicInfo/SubProperty[2]/Value/text()",
        "jsonpath": "$.IBSubscriber._ib_rechargeAmount_"
    },
    "PrimaryIdentity" : {
        "Type":"VALUE",
        "xpath": "//ChangeSubInfoRequestMsg/ChangeSubInfoRequest/SubAccessCode/PrimaryIdentity/text()",
        "jsonpath": "$.IBSubscriber.ib_mdn"
    }
}




